task,method,paper,current,outcome
T01,original_straight,0.0627857602102358,0.06278576021019378,0
T01,paper_curve,0.0627857602102358,0.06278576021037754,0
T02,original_straight,0.11654278014815873,0.11654278014811308,0
T02,paper_curve,0.11654278014815873,0.11654278014808735,0
T03,original_straight,0.23210568347225183,0.23210568347243943,0
T03,paper_curve,0.23210568347225183,0.23210568347294613,0
T04,original_straight,0.0014432832685168041,0.001443280175090836,1
T04,paper_curve,0.0014432832685168041,0.0014432832683070505,0
T05,original_straight,2.5350140428328283,2.578598463394587,-1
T05,paper_curve,2.5350140428328283,2.5350140405395054,0
T06,original_straight,0.16365621986937673,0.16369834714076387,-1
T06,paper_curve,0.16365621986937673,0.1636562197983172,0
T07,original_straight,40.16775696743256,40.167756967550986,0
T07,paper_curve,40.16775696743256,40.16775696740297,0
T08,original_straight,8.29936695098877,8.29936695098877,0
T08,paper_curve,8.29936695098877,8.29936695098877,0
T09,original_straight,8.302343368530273,8.302343368530273,0
T09,paper_curve,8.302343368530273,8.302343368530273,0
T10,original_straight,34.114376068115234,34.114376068115234,0
T10,paper_curve,34.114376068115234,34.114376068115234,0
T11,original_straight,0.18836607038974762,0.18836607038974762,0
T11,paper_curve,0.18836607038974762,0.18836607038974762,0
T12,original_straight,0.04269770105968451,0.042697701059687045,0
T12,paper_curve,0.04269770105968451,0.042697701058925286,0
T13,original_straight,0.07176636372038733,0.07176636372021815,0
T13,paper_curve,0.07176636372038733,0.07176636372027619,0
T14,original_straight,0.15718040760527194,0.15718040760523067,0
T14,paper_curve,0.15718040760527194,0.15718040760520002,0
T15,original_straight,0.23625708816772795,0.23625708816658736,0
T15,paper_curve,0.23625708816772795,0.23625708816775517,0
T16,original_straight,0.0037770015864007963,0.0037770008907583364,0
T16,paper_curve,0.0037770015864007963,0.003777001586387153,0
T17,original_straight,11.788535128797161,13.569827897000124,-1
T17,paper_curve,11.788535128797161,11.788532498416561,0
T18,original_straight,53.43916605919666,53.43916605944686,0
T18,paper_curve,53.43916605919666,53.439166059319334,0
T19,original_straight,8.083158493041992,8.083158493041992,0
T19,paper_curve,8.083158493041992,8.083158493041992,0
T20,original_straight,35.46569061279297,35.46569061279297,0
T20,paper_curve,35.46569061279297,35.46569061279297,0
T21,original_straight,0.25033459067344666,0.25033459067344666,0
T21,paper_curve,0.25033459067344666,0.25033459067344666,0
