task,group,method,reference,cases,wins,ties,losses,unavailable,fallback_endpoints,mean_favorable_delta
T01,view_graph_noisy_view,path_line_complete,original_straight,6,3,0,3,0,0,-1.0216426061424422
T01,view_graph_noisy_view,path_line_complete,paper_curve,6,3,0,3,0,0,-1.0216426060746373
T01,view_graph_noisy_view,quadratic_usable8_complete,original_straight,6,2,0,4,0,0,-22.04277435160976
T01,view_graph_noisy_view,quadratic_usable8_complete,paper_curve,6,2,0,4,0,0,-22.04277435152483
T02,view_graph_biased_view,path_line_complete,original_straight,6,0,0,6,0,0,-29.90448444552388
T02,view_graph_biased_view,path_line_complete,paper_curve,6,0,0,6,0,0,-29.90448444541259
T02,view_graph_biased_view,quadratic_usable8_complete,original_straight,6,3,0,3,0,0,0.9224585205708569
T02,view_graph_biased_view,quadratic_usable8_complete,paper_curve,6,3,0,3,0,0,0.9224585206512851
T03,view_graph_biased_view,path_line_complete,original_straight,6,3,0,3,0,0,-1.1120883987782566
T03,view_graph_biased_view,path_line_complete,paper_curve,6,3,0,3,0,0,-1.1120883988002042
T03,view_graph_biased_view,quadratic_usable8_complete,original_straight,6,5,0,1,0,0,2.213648075940361
T03,view_graph_biased_view,quadratic_usable8_complete,paper_curve,6,5,0,1,0,0,2.2136480759226713
T04,se3,path_line_complete,original_straight,6,4,0,2,0,0,0.5393107025219668
T04,se3,path_line_complete,paper_curve,6,4,0,2,0,0,0.4351575779805032
T04,se3,quadratic_usable8_complete,original_straight,6,3,0,3,0,0,0.5024262680069965
T04,se3,quadratic_usable8_complete,paper_curve,6,3,0,3,0,0,0.3986187724856742
T05,hpatches_multiframe,path_line_complete,original_straight,6,2,0,4,0,0,0.31485388185823654
T05,hpatches_multiframe,path_line_complete,paper_curve,6,2,0,4,0,0,-0.16132209294104083
T05,hpatches_multiframe,quadratic_usable8_complete,original_straight,6,2,1,3,0,0,0.39535435366160704
T05,hpatches_multiframe,quadratic_usable8_complete,paper_curve,6,0,4,2,0,0,-0.0812468096157722
T06,hpatches_multiframe,path_line_complete,original_straight,6,4,0,2,0,0,0.4637425052116248
T06,hpatches_multiframe,path_line_complete,paper_curve,6,3,0,3,0,0,0.3932254439029708
T06,hpatches_multiframe,quadratic_usable8_complete,original_straight,6,3,0,3,0,0,0.6528737786988573
T06,hpatches_multiframe,quadratic_usable8_complete,paper_curve,6,3,1,2,0,0,0.5662643803008386
T07,known_blur,path_line_complete,original_straight,6,4,0,2,0,0,0.0030202697056515384
T07,known_blur,path_line_complete,paper_curve,6,4,0,2,0,0,0.003020269445416446
T07,known_blur,quadratic_usable8_complete,original_straight,6,4,0,2,0,0,0.004310749235679386
T07,known_blur,quadratic_usable8_complete,paper_curve,6,4,0,2,0,0,0.004310748975444294
T08,lowlight,path_line_complete,original_straight,6,0,0,0,6,0,
T08,lowlight,path_line_complete,paper_curve,6,0,0,0,6,0,
T08,lowlight,quadratic_usable8_complete,original_straight,6,0,5,1,0,0,-1.8158315770122613e-05
T08,lowlight,quadratic_usable8_complete,paper_curve,6,0,6,0,0,0,0.0
T09,lowlight,path_line_complete,original_straight,6,0,0,0,6,0,
T09,lowlight,path_line_complete,paper_curve,6,0,0,0,6,0,
T09,lowlight,quadratic_usable8_complete,original_straight,6,0,6,0,0,0,0.0
T09,lowlight,quadratic_usable8_complete,paper_curve,6,0,6,0,0,0,0.0
T10,sidd,path_line_complete,original_straight,6,0,0,0,6,0,
T10,sidd,path_line_complete,paper_curve,6,0,0,0,6,0,
T10,sidd,quadratic_usable8_complete,original_straight,6,0,6,0,0,0,0.0
T10,sidd,quadratic_usable8_complete,paper_curve,6,0,6,0,0,0,0.0
T11,stereo,path_line_complete,original_straight,6,0,0,0,6,0,
T11,stereo,path_line_complete,paper_curve,6,0,0,0,6,0,
T11,stereo,quadratic_usable8_complete,original_straight,6,2,2,2,0,0,1.421853729348399
T11,stereo,quadratic_usable8_complete,paper_curve,6,2,2,2,0,0,1.421853729348399
T12,view_graph_noisy_view,path_line_complete,original_straight,6,1,0,5,0,0,-8.601217972600155
T12,view_graph_noisy_view,path_line_complete,paper_curve,6,1,0,5,0,0,-8.601217972820784
T12,view_graph_noisy_view,quadratic_usable8_complete,original_straight,6,3,0,3,0,0,0.004116445844665417
T12,view_graph_noisy_view,quadratic_usable8_complete,paper_curve,6,3,0,3,0,0,0.0041164456028176906
T13,view_graph_noisy_view,path_line_complete,original_straight,6,6,0,0,0,0,25.260436438266158
T13,view_graph_noisy_view,path_line_complete,paper_curve,6,6,0,0,0,0,25.26043643834578
T13,view_graph_noisy_view,quadratic_usable8_complete,original_straight,6,1,0,5,0,0,-6.911273970053496
T13,view_graph_noisy_view,quadratic_usable8_complete,paper_curve,6,1,0,5,0,0,-6.911273969965041
T14,view_graph_biased_view,path_line_complete,original_straight,6,0,0,6,0,0,-32.11037889836373
T14,view_graph_biased_view,path_line_complete,paper_curve,6,0,0,6,0,0,-32.11037889846996
T14,view_graph_biased_view,quadratic_usable8_complete,original_straight,6,3,0,3,0,0,4.4679756672417765
T14,view_graph_biased_view,quadratic_usable8_complete,paper_curve,6,3,0,3,0,0,4.4679756671743975
T15,view_graph_biased_view,path_line_complete,original_straight,6,5,0,1,0,0,2.565464660131167
T15,view_graph_biased_view,path_line_complete,paper_curve,6,5,0,1,0,0,2.5654646601856808
T15,view_graph_biased_view,quadratic_usable8_complete,original_straight,6,6,0,0,0,0,4.955992307202327
T15,view_graph_biased_view,quadratic_usable8_complete,paper_curve,6,6,0,0,0,0,4.955992307252395
T16,se3,path_line_complete,original_straight,6,3,0,3,0,0,-2.412790124486456
T16,se3,path_line_complete,paper_curve,6,3,0,3,0,0,-2.4119541763251022
T16,se3,quadratic_usable8_complete,original_straight,6,3,0,3,0,0,-0.6825887964087989
T16,se3,quadratic_usable8_complete,paper_curve,6,3,0,3,0,0,-0.6817364270743737
T17,hpatches_multiframe,path_line_complete,original_straight,6,4,0,2,0,0,2.1017419378727276
T17,hpatches_multiframe,path_line_complete,paper_curve,6,2,0,4,0,0,0.6761084195235707
T17,hpatches_multiframe,quadratic_usable8_complete,original_straight,6,3,1,2,0,0,2.2775154437781686
T17,hpatches_multiframe,quadratic_usable8_complete,paper_curve,6,2,2,2,0,0,0.8038866275206612
T18,known_blur,path_line_complete,original_straight,6,4,0,2,0,0,-0.0007821391843337485
T18,known_blur,path_line_complete,paper_curve,6,4,0,2,0,0,-0.00078213917704358
T18,known_blur,quadratic_usable8_complete,original_straight,6,3,0,3,0,0,0.0010427722554690415
T18,known_blur,quadratic_usable8_complete,paper_curve,6,3,0,3,0,0,0.00104277226275921
T19,lowlight,path_line_complete,original_straight,6,0,0,0,6,0,
T19,lowlight,path_line_complete,paper_curve,6,0,0,0,6,0,
T19,lowlight,quadratic_usable8_complete,original_straight,6,0,5,1,0,0,-3.223075664434324e-05
T19,lowlight,quadratic_usable8_complete,paper_curve,6,0,6,0,0,0,0.0
T20,sidd,path_line_complete,original_straight,6,0,0,0,6,0,
T20,sidd,path_line_complete,paper_curve,6,0,0,0,6,0,
T20,sidd,quadratic_usable8_complete,original_straight,6,0,6,0,0,0,7.910518888820661e-07
T20,sidd,quadratic_usable8_complete,paper_curve,6,0,6,0,0,0,0.0
T21,stereo,path_line_complete,original_straight,6,0,0,0,6,0,
T21,stereo,path_line_complete,paper_curve,6,0,0,0,6,0,
T21,stereo,quadratic_usable8_complete,original_straight,6,2,4,0,0,0,2.8947805481685296
T21,stereo,quadratic_usable8_complete,paper_curve,6,2,4,0,0,0,2.893950763513979
ALL,heterogeneous,path_line_complete,original_straight,126,43,0,41,42,0,
ALL,heterogeneous,path_line_complete,paper_curve,126,40,0,44,42,0,
ALL,heterogeneous,quadratic_usable8_complete,original_straight,126,48,36,42,0,0,
ALL,heterogeneous,quadratic_usable8_complete,paper_curve,126,45,43,38,0,0,
